{
  "PUT /shop/v1/reserve/{productId}/{clientPersonalCode}/{quanitity}" : {
    "transaction" : "PUT /shop/v1/reserve/{productId}/{clientPersonalCode}/{quanitity}",
    "sampleCount" : 3000,
    "errorCount" : 0,
    "errorPct" : 0.0,
    "meanResTime" : 10860.697333333299,
    "medianResTime" : 9994.0,
    "minResTime" : 8.0,
    "maxResTime" : 31735.0,
    "pct1ResTime" : 18098.0,
    "pct2ResTime" : 19931.9,
    "pct3ResTime" : 24014.989999999998,
    "throughput" : 23.974299550881454,
    "receivedKBytesPerSec" : 5.806275672479102,
    "sentKBytesPerSec" : 5.220965624850161
  },
  "Total" : {
    "transaction" : "Total",
    "sampleCount" : 15000,
    "errorCount" : 5986,
    "errorPct" : 39.906666,
    "meanResTime" : 7799.0341999999655,
    "medianResTime" : 6949.0,
    "minResTime" : 8.0,
    "maxResTime" : 31736.0,
    "pct1ResTime" : 13399.8,
    "pct2ResTime" : 17426.0,
    "pct3ResTime" : 22886.0,
    "throughput" : 114.30400292618248,
    "receivedKBytesPerSec" : 32.62245917680162,
    "sentKBytesPerSec" : 21.40967554808769
  },
  "POST /shop/v1/reserve/{productId}/{clientPersonalCode}/{quanitity}" : {
    "transaction" : "POST /shop/v1/reserve/{productId}/{clientPersonalCode}/{quanitity}",
    "sampleCount" : 3000,
    "errorCount" : 2992,
    "errorPct" : 99.73333,
    "meanResTime" : 7182.41999999999,
    "medianResTime" : 6252.5,
    "minResTime" : 1121.0,
    "maxResTime" : 31736.0,
    "pct1ResTime" : 12140.9,
    "pct2ResTime" : 14299.599999999991,
    "pct3ResTime" : 22886.0,
    "throughput" : 23.262486139435342,
    "receivedKBytesPerSec" : 7.016486802416197,
    "sentKBytesPerSec" : 5.088668843001481
  },
  "GET /shop/v1/reserve/reservation/{reservationId}" : {
    "transaction" : "GET /shop/v1/reserve/reservation/{reservationId}",
    "sampleCount" : 3000,
    "errorCount" : 0,
    "errorPct" : 0.0,
    "meanResTime" : 5764.935333333329,
    "medianResTime" : 5044.0,
    "minResTime" : 650.0,
    "maxResTime" : 19337.0,
    "pct1ResTime" : 11022.0,
    "pct2ResTime" : 12184.0,
    "pct3ResTime" : 17423.85,
    "throughput" : 23.439514333263016,
    "receivedKBytesPerSec" : 7.967992793814312,
    "sentKBytesPerSec" : 3.3190718538311885
  },
  "DELETE /shop/v1/reserve/{reservationId}/{clientPersonalCode}" : {
    "transaction" : "DELETE /shop/v1/reserve/{reservationId}/{clientPersonalCode}",
    "sampleCount" : 3000,
    "errorCount" : 2994,
    "errorPct" : 99.8,
    "meanResTime" : 8104.114666666659,
    "medianResTime" : 7398.0,
    "minResTime" : 14.0,
    "maxResTime" : 31736.0,
    "pct1ResTime" : 13226.0,
    "pct2ResTime" : 15934.0,
    "pct3ResTime" : 19345.92,
    "throughput" : 23.63842662632375,
    "receivedKBytesPerSec" : 7.0706135205890694,
    "sentKBytesPerSec" : 5.170905824508321
  },
  "GET /shop/v1/reserve/client/{clientPersonalCode}" : {
    "transaction" : "GET /shop/v1/reserve/client/{clientPersonalCode}",
    "sampleCount" : 3000,
    "errorCount" : 0,
    "errorPct" : 0.0,
    "meanResTime" : 7083.003666666672,
    "medianResTime" : 6410.0,
    "minResTime" : 619.0,
    "maxResTime" : 24386.0,
    "pct1ResTime" : 13204.500000000016,
    "pct2ResTime" : 15496.8,
    "pct3ResTime" : 22211.989999999998,
    "throughput" : 24.430564264599298,
    "receivedKBytesPerSec" : 5.964493228661938,
    "sentKBytesPerSec" : 3.4116901267946287
  }
}